{
  "project_info": {
    "project_number": "1119827416",
    "firebase_url": "https://food-rescue-app-34a65-default-rtdb.firebaseio.com",
    "project_id": "food-rescue-app-34a65",
    "storage_bucket": "food-rescue-app-34a65.appspot.com"
  },
  "client": [
    {
      "client_info": {
        "mobilesdk_app_id": "1:1119827416:android:d901e479f5b4966f0deead",
        "android_client_info": {
          "package_name": "com.example.food_rescue_app"
        }
      },
      "oauth_client": [
        {
          "client_id": "1119827416-8se8rfmmtuend766rmcl3692pton9195.apps.googleusercontent.com",
          "client_type": 3
        }
      ],
      "api_key": [
        {
          "current_key": "AIzaSyAKxomiRlMIz1lSnJ9cDz_mk-JXeoVA9Z0"
        }
      ],
      "services": {
        "appinvite_service": {
          "other_platform_oauth_client": [
            {
              "client_id": "1119827416-8se8rfmmtuend766rmcl3692pton9195.apps.googleusercontent.com",
              "client_type": 3
            }
          ]
        }
      }
    }
  ],
  "configuration_version": "1"
}